TrialNr;Amplitude;Subject;System
1;-2.6304550641;subject_0001;Tobii
2;-2.6829090621;subject_0001;Tobii
3;-1.5969055982;subject_0001;Tobii
4;-3.3259186445;subject_0001;Tobii
5;-2.5393026908;subject_0001;Tobii
6;-2.5316476762;subject_0001;Tobii
7;-2.6104521059;subject_0001;Tobii
8;-3.3053491592;subject_0001;Tobii
9;-2.2008672508;subject_0001;Tobii
10;-2.7411780897;subject_0001;Tobii
11;-2.4177291482;subject_0001;Tobii
12;-2.7033728441;subject_0001;Tobii
13;-2.7180381019;subject_0001;Tobii
14;-1.881066158;subject_0001;Tobii
15;-3.0527996165;subject_0001;Tobii
16;-2.2987369651;subject_0001;Tobii
17;-2.7947168915;subject_0001;Tobii
18;-2.7265956245;subject_0001;Tobii
19;-2.8464969304;subject_0001;Tobii
20;-2.4742342365;subject_0001;Tobii
21;-2.7654551188;subject_0001;Tobii
22;-2.6139597014;subject_0001;Tobii
23;-2.6167338634;subject_0001;Tobii
24;-2.5459124719;subject_0001;Tobii
25;-1.9761193696;subject_0001;Tobii
26;-2.2508031401;subject_0001;Tobii
27;-2.9454558523;subject_0001;Tobii
28;-2.7357766705;subject_0001;Tobii
29;-2.4904822544;subject_0001;Tobii
30;-2.4344558136;subject_0001;Tobii
1;-2.9236785066;subject_0002;Tobii
2;-2.2206086923;subject_0002;Tobii
3;-2.6682158454;subject_0002;Tobii
4;-2.2429511443;subject_0002;Tobii
5;-2.2311220261;subject_0002;Tobii
6;-2.790985829;subject_0002;Tobii
7;-2.4507828141;subject_0002;Tobii
8;-2.6509815187;subject_0002;Tobii
9;-3.0156246656;subject_0002;Tobii
10;-1.4748261953;subject_0002;Tobii
11;-1.2465760086;subject_0002;Tobii
12;-3.0765856773;subject_0002;Tobii
13;-1.8704263359;subject_0002;Tobii
14;-1.7868605418;subject_0002;Tobii
15;-2.746228098;subject_0002;Tobii
16;-2.5833998487;subject_0002;Tobii
17;-2.4841044617;subject_0002;Tobii
18;-2.790741541;subject_0002;Tobii
19;-2.3270575843;subject_0002;Tobii
20;-2.7728882211;subject_0002;Tobii
21;-3.1586279321;subject_0002;Tobii
22;-2.7904432364;subject_0002;Tobii
23;-2.6156125235;subject_0002;Tobii
24;-1.7193607837;subject_0002;Tobii
25;-2.7323218227;subject_0002;Tobii
26;-3.2504336817;subject_0002;Tobii
27;-2.0054469463;subject_0002;Tobii
28;-2.7867321165;subject_0002;Tobii
29;-2.6236398701;subject_0002;Tobii
30;-2.8501348235;subject_0002;Tobii
1;-3.1003918751;subject_0003;Tobii
2;-3.0148655109;subject_0003;Tobii
3;-2.3346271621;subject_0003;Tobii
4;-2.4880464941;subject_0003;Tobii
5;-2.6804338038;subject_0003;Tobii
6;-1.9518742284;subject_0003;Tobii
7;-2.8980034955;subject_0003;Tobii
8;-2.8030337299;subject_0003;Tobii
9;-1.9395752617;subject_0003;Tobii
10;-3.575505615;subject_0003;Tobii
11;-1.8972210986;subject_0003;Tobii
12;-2.7311009368;subject_0003;Tobii
13;-2.6343259627;subject_0003;Tobii
14;-1.8627210899;subject_0003;Tobii
15;-2.6517335358;subject_0003;Tobii
16;-3.0801229354;subject_0003;Tobii
17;-1.6287214526;subject_0003;Tobii
18;-1.8145519492;subject_0003;Tobii
19;-2.3384101178;subject_0003;Tobii
20;-2.0674458093;subject_0003;Tobii
21;-2.5052848633;subject_0003;Tobii
22;-2.4021525867;subject_0003;Tobii
23;-2.6923121935;subject_0003;Tobii
24;-2.659690127;subject_0003;Tobii
25;-2.59954178;subject_0003;Tobii
26;-2.458621413;subject_0003;Tobii
27;-1.8342914588;subject_0003;Tobii
28;-2.4769760431;subject_0003;Tobii
29;-3.2985836163;subject_0003;Tobii
30;-2.8235292942;subject_0003;Tobii
1;-3.1848278148;subject_0004;Tobii
2;-2.7578939806;subject_0004;Tobii
3;-2.5831002241;subject_0004;Tobii
4;-2.757817351;subject_0004;Tobii
5;-2.9575336268;subject_0004;Tobii
6;-2.5986214792;subject_0004;Tobii
7;-3.0940930982;subject_0004;Tobii
8;-2.5682621051;subject_0004;Tobii
9;-2.6511412694;subject_0004;Tobii
10;-2.8547431047;subject_0004;Tobii
11;-3.4079732876;subject_0004;Tobii
12;-2.455258088;subject_0004;Tobii
13;-2.9046008464;subject_0004;Tobii
14;-3.1489397007;subject_0004;Tobii
15;-2.4442192459;subject_0004;Tobii
16;-2.7754882097;subject_0004;Tobii
17;-2.7073205831;subject_0004;Tobii
18;-3.2575469617;subject_0004;Tobii
19;-1.9160548048;subject_0004;Tobii
20;-3.0242227188;subject_0004;Tobii
21;-2.2049412867;subject_0004;Tobii
22;-2.8132981889;subject_0004;Tobii
23;-2.4352825477;subject_0004;Tobii
24;-3.0464553633;subject_0004;Tobii
25;-2.7715813924;subject_0004;Tobii
26;-2.5539852375;subject_0004;Tobii
27;-2.6429112424;subject_0004;Tobii
28;-2.9278168817;subject_0004;Tobii
29;-3.1437200562;subject_0004;Tobii
30;-1.6505447937;subject_0004;Tobii
1;-2.7781318487;subject_0005;Tobii
2;-3.2547927412;subject_0005;Tobii
3;-2.3407827467;subject_0005;Tobii
4;-2.8463322006;subject_0005;Tobii
5;-2.8326730477;subject_0005;Tobii
6;-2.6992372611;subject_0005;Tobii
7;-2.5556894839;subject_0005;Tobii
8;-2.5655014979;subject_0005;Tobii
9;-2.405195314;subject_0005;Tobii
10;-3.1189917111;subject_0005;Tobii
11;-2.7634679857;subject_0005;Tobii
12;-2.1417595356;subject_0005;Tobii
13;-2.7367621505;subject_0005;Tobii
14;-2.5755309989;subject_0005;Tobii
15;-2.6953891894;subject_0005;Tobii
16;-2.6394593909;subject_0005;Tobii
17;-2.5458265316;subject_0005;Tobii
18;-2.6082824175;subject_0005;Tobii
19;-2.59345634;subject_0005;Tobii
20;-2.9174526725;subject_0005;Tobii
21;-2.8197224501;subject_0005;Tobii
22;-2.6924475748;subject_0005;Tobii
23;-2.0534984465;subject_0005;Tobii
24;-2.422969766;subject_0005;Tobii
25;-2.8347029477;subject_0005;Tobii
26;-2.3872844377;subject_0005;Tobii
27;-3.313975503;subject_0005;Tobii
28;-2.1333868506;subject_0005;Tobii
29;-2.9215370282;subject_0005;Tobii
30;-2.5803935174;subject_0005;Tobii
1;-2.9828299954;subject_0006;Tobii
2;-2.5147893027;subject_0006;Tobii
3;-2.6367324773;subject_0006;Tobii
4;-3.0960478767;subject_0006;Tobii
5;-2.2383151306;subject_0006;Tobii
6;-3.0189945251;subject_0006;Tobii
7;-1.9469292462;subject_0006;Tobii
8;-2.7045991626;subject_0006;Tobii
9;-3.1976787699;subject_0006;Tobii
10;-2.0884130073;subject_0006;Tobii
11;-2.3029803696;subject_0006;Tobii
12;-2.5411393004;subject_0006;Tobii
13;-2.5383190762;subject_0006;Tobii
14;-2.8208638928;subject_0006;Tobii
15;-2.7761288695;subject_0006;Tobii
16;-3.010360838;subject_0006;Tobii
17;-1.8996817494;subject_0006;Tobii
18;-2.5677418018;subject_0006;Tobii
19;-3.0583895722;subject_0006;Tobii
20;-2.2904015018;subject_0006;Tobii
21;-2.8618393915;subject_0006;Tobii
22;-2.0299551066;subject_0006;Tobii
23;-2.6492970759;subject_0006;Tobii
24;-2.5621503244;subject_0006;Tobii
25;-2.8163659904;subject_0006;Tobii
26;-2.6201822669;subject_0006;Tobii
27;-3.0432062862;subject_0006;Tobii
28;-1.7512198346;subject_0006;Tobii
29;-2.9754039243;subject_0006;Tobii
30;-2.9814039719;subject_0006;Tobii
1;-2.6298812715;subject_0001;PupilEXT
2;-2.6034441329;subject_0001;PupilEXT
3;-1.5628837082;subject_0001;PupilEXT
4;-3.3098877689;subject_0001;PupilEXT
5;-2.4534062306;subject_0001;PupilEXT
6;-2.45888375;subject_0001;PupilEXT
7;-2.5067506913;subject_0001;PupilEXT
8;-3.2456122459;subject_0001;PupilEXT
9;-2.1271563235;subject_0001;PupilEXT
10;-2.6824976831;subject_0001;PupilEXT
11;-2.5270204886;subject_0001;PupilEXT
12;-2.7439726089;subject_0001;PupilEXT
13;-2.3707194126;subject_0001;PupilEXT
14;-1.6523532582;subject_0001;PupilEXT
15;-3.0231668405;subject_0001;PupilEXT
16;-2.3714780664;subject_0001;PupilEXT
17;-2.7890471342;subject_0001;PupilEXT
18;-2.6774301479;subject_0001;PupilEXT
19;-2.8641827719;subject_0001;PupilEXT
20;-2.5053090628;subject_0001;PupilEXT
21;-2.8533611559;subject_0001;PupilEXT
22;-2.6707706295;subject_0001;PupilEXT
23;-2.6556098192;subject_0001;PupilEXT
24;-2.6777425115;subject_0001;PupilEXT
25;-2.1260668498;subject_0001;PupilEXT
26;-2.3394250537;subject_0001;PupilEXT
27;-2.9574485284;subject_0001;PupilEXT
28;-2.6612247336;subject_0001;PupilEXT
29;-2.4625335188;subject_0001;PupilEXT
30;-2.29794226;subject_0001;PupilEXT
1;-2.9535945401;subject_0002;PupilEXT
2;-2.1213289065;subject_0002;PupilEXT
3;-2.7096074875;subject_0002;PupilEXT
4;-2.1177370295;subject_0002;PupilEXT
5;-2.3562970902;subject_0002;PupilEXT
6;-2.6911570663;subject_0002;PupilEXT
7;-2.5604110803;subject_0002;PupilEXT
8;-2.5675948359;subject_0002;PupilEXT
9;-3.1963355457;subject_0002;PupilEXT
10;-1.5193775591;subject_0002;PupilEXT
11;-1.2479066887;subject_0002;PupilEXT
12;-3.1230172184;subject_0002;PupilEXT
13;-1.7859603274;subject_0002;PupilEXT
14;-1.7222249131;subject_0002;PupilEXT
15;-2.6689966277;subject_0002;PupilEXT
16;-2.654245318;subject_0002;PupilEXT
17;-2.4105730439;subject_0002;PupilEXT
18;-2.7883735931;subject_0002;PupilEXT
19;-2.4130846876;subject_0002;PupilEXT
20;-2.7533592808;subject_0002;PupilEXT
21;-3.0773361121;subject_0002;PupilEXT
22;-2.754829897;subject_0002;PupilEXT
23;-2.5864654452;subject_0002;PupilEXT
24;-1.7020977018;subject_0002;PupilEXT
25;-2.6918492384;subject_0002;PupilEXT
26;-3.3949773574;subject_0002;PupilEXT
27;-1.9674925141;subject_0002;PupilEXT
28;-2.807214074;subject_0002;PupilEXT
29;-2.5603757943;subject_0002;PupilEXT
30;-2.8851977471;subject_0002;PupilEXT
1;-3.1422548049;subject_0003;PupilEXT
2;-2.9747983916;subject_0003;PupilEXT
3;-2.422986863;subject_0003;PupilEXT
4;-2.5904429915;subject_0003;PupilEXT
5;-2.6029178844;subject_0003;PupilEXT
6;-1.9359071434;subject_0003;PupilEXT
7;-2.8973307287;subject_0003;PupilEXT
8;-2.8672853895;subject_0003;PupilEXT
9;-1.9406740075;subject_0003;PupilEXT
10;-3.6074247442;subject_0003;PupilEXT
11;-1.8001853692;subject_0003;PupilEXT
12;-2.760165494;subject_0003;PupilEXT
13;-2.6861482494;subject_0003;PupilEXT
14;-1.7402580611;subject_0003;PupilEXT
15;-2.7958768574;subject_0003;PupilEXT
16;-3.1252900374;subject_0003;PupilEXT
17;-1.6204509156;subject_0003;PupilEXT
18;-1.7834115437;subject_0003;PupilEXT
19;-2.2660835735;subject_0003;PupilEXT
20;-2.0522447666;subject_0003;PupilEXT
21;-2.4298245113;subject_0003;PupilEXT
22;-2.4006119914;subject_0003;PupilEXT
23;-2.6220755905;subject_0003;PupilEXT
24;-2.7062263065;subject_0003;PupilEXT
25;-2.6044690554;subject_0003;PupilEXT
26;-2.4213073194;subject_0003;PupilEXT
27;-1.8538628512;subject_0003;PupilEXT
28;-2.4464395541;subject_0003;PupilEXT
29;-3.3665771024;subject_0003;PupilEXT
30;-2.7553429754;subject_0003;PupilEXT
1;-3.1997237333;subject_0004;PupilEXT
2;-2.6568267662;subject_0004;PupilEXT
3;-2.5682327743;subject_0004;PupilEXT
4;-2.7575182035;subject_0004;PupilEXT
5;-2.8812294604;subject_0004;PupilEXT
6;-2.6764952507;subject_0004;PupilEXT
7;-2.9741515936;subject_0004;PupilEXT
8;-2.5409578513;subject_0004;PupilEXT
9;-2.6221135741;subject_0004;PupilEXT
10;-2.8259379322;subject_0004;PupilEXT
11;-2.9650476926;subject_0004;PupilEXT
12;-2.5013861141;subject_0004;PupilEXT
13;-2.8280304065;subject_0004;PupilEXT
14;-3.1797556274;subject_0004;PupilEXT
15;-2.4291470377;subject_0004;PupilEXT
16;-2.7038037625;subject_0004;PupilEXT
17;-2.7576827865;subject_0004;PupilEXT
18;-3.1925184959;subject_0004;PupilEXT
19;-1.9114999903;subject_0004;PupilEXT
20;-2.8655487674;subject_0004;PupilEXT
21;-2.1960212646;subject_0004;PupilEXT
22;-2.6266058069;subject_0004;PupilEXT
23;-2.4592508215;subject_0004;PupilEXT
24;-2.9197114023;subject_0004;PupilEXT
25;-2.7599232796;subject_0004;PupilEXT
26;-2.5346535134;subject_0004;PupilEXT
27;-2.5903974703;subject_0004;PupilEXT
28;-2.9551583583;subject_0004;PupilEXT
29;-3.1505667113;subject_0004;PupilEXT
30;-1.6490863932;subject_0004;PupilEXT
1;-2.7712718345;subject_0005;PupilEXT
2;-3.1033376534;subject_0005;PupilEXT
3;-2.3624705773;subject_0005;PupilEXT
4;-2.8242216476;subject_0005;PupilEXT
5;-2.7371224924;subject_0005;PupilEXT
6;-2.726001308;subject_0005;PupilEXT
7;-2.6582981401;subject_0005;PupilEXT
8;-2.6106422855;subject_0005;PupilEXT
9;-2.4280119516;subject_0005;PupilEXT
10;-3.1199768756;subject_0005;PupilEXT
11;-2.6770762982;subject_0005;PupilEXT
12;-2.1634252948;subject_0005;PupilEXT
13;-2.7719689896;subject_0005;PupilEXT
14;-2.5712877938;subject_0005;PupilEXT
15;-2.6669954732;subject_0005;PupilEXT
16;-2.623478226;subject_0005;PupilEXT
17;-2.4660040825;subject_0005;PupilEXT
18;-2.5354261301;subject_0005;PupilEXT
19;-2.5282364184;subject_0005;PupilEXT
20;-2.8531428944;subject_0005;PupilEXT
21;-2.8527079693;subject_0005;PupilEXT
22;-2.7867702953;subject_0005;PupilEXT
23;-2.0669026722;subject_0005;PupilEXT
24;-2.4787777825;subject_0005;PupilEXT
25;-2.7873671277;subject_0005;PupilEXT
26;-2.3110563948;subject_0005;PupilEXT
27;-3.1886958982;subject_0005;PupilEXT
28;-2.1294175685;subject_0005;PupilEXT
29;-2.8991052289;subject_0005;PupilEXT
30;-2.5618990596;subject_0005;PupilEXT
1;-3.0527859732;subject_0006;PupilEXT
2;-2.4714982345;subject_0006;PupilEXT
3;-2.7151108002;subject_0006;PupilEXT
4;-3.0735886251;subject_0006;PupilEXT
5;-2.0628639643;subject_0006;PupilEXT
6;-3.1022563536;subject_0006;PupilEXT
7;-1.9726963833;subject_0006;PupilEXT
8;-2.7127406204;subject_0006;PupilEXT
9;-3.1847417024;subject_0006;PupilEXT
10;-2.1040820271;subject_0006;PupilEXT
11;-2.1409864979;subject_0006;PupilEXT
12;-2.6424576582;subject_0006;PupilEXT
13;-2.521968133;subject_0006;PupilEXT
14;-2.7479230602;subject_0006;PupilEXT
15;-2.6688376204;subject_0006;PupilEXT
16;-3.0473084857;subject_0006;PupilEXT
17;-1.8868501427;subject_0006;PupilEXT
18;-2.5318437615;subject_0006;PupilEXT
19;-3.0736915395;subject_0006;PupilEXT
20;-2.3571621989;subject_0006;PupilEXT
21;-2.7929714028;subject_0006;PupilEXT
22;-2.055545975;subject_0006;PupilEXT
23;-2.6631007213;subject_0006;PupilEXT
24;-2.6244374219;subject_0006;PupilEXT
25;-2.7551143989;subject_0006;PupilEXT
26;-2.5552348542;subject_0006;PupilEXT
27;-3.061658713;subject_0006;PupilEXT
28;-1.6887027021;subject_0006;PupilEXT
29;-2.9051966882;subject_0006;PupilEXT
30;-2.8326210683;subject_0006;PupilEXT
