TrialNr;Latency;Subject;System
1;1925;subject_0001;Tobii
2;1150;subject_0001;Tobii
3;1325;subject_0001;Tobii
4;1050;subject_0001;Tobii
5;1125;subject_0001;Tobii
6;1150;subject_0001;Tobii
7;1325;subject_0001;Tobii
8;1025;subject_0001;Tobii
9;950;subject_0001;Tobii
10;975;subject_0001;Tobii
11;1075;subject_0001;Tobii
12;1025;subject_0001;Tobii
13;2750;subject_0001;Tobii
14;975;subject_0001;Tobii
15;1525;subject_0001;Tobii
16;925;subject_0001;Tobii
17;950;subject_0001;Tobii
18;925;subject_0001;Tobii
19;850;subject_0001;Tobii
20;925;subject_0001;Tobii
21;1000;subject_0001;Tobii
22;1025;subject_0001;Tobii
23;1000;subject_0001;Tobii
24;850;subject_0001;Tobii
25;875;subject_0001;Tobii
26;1000;subject_0001;Tobii
27;900;subject_0001;Tobii
28;975;subject_0001;Tobii
29;1000;subject_0001;Tobii
30;850;subject_0001;Tobii
1;2450;subject_0002;Tobii
2;1125;subject_0002;Tobii
3;1675;subject_0002;Tobii
4;1700;subject_0002;Tobii
5;1425;subject_0002;Tobii
6;1200;subject_0002;Tobii
7;1875;subject_0002;Tobii
8;1500;subject_0002;Tobii
9;975;subject_0002;Tobii
10;1825;subject_0002;Tobii
11;1200;subject_0002;Tobii
12;1650;subject_0002;Tobii
13;1725;subject_0002;Tobii
14;1425;subject_0002;Tobii
15;1100;subject_0002;Tobii
16;1075;subject_0002;Tobii
17;1250;subject_0002;Tobii
18;1375;subject_0002;Tobii
19;1850;subject_0002;Tobii
20;1100;subject_0002;Tobii
21;1675;subject_0002;Tobii
22;1700;subject_0002;Tobii
23;1275;subject_0002;Tobii
24;1375;subject_0002;Tobii
25;1425;subject_0002;Tobii
26;1800;subject_0002;Tobii
27;1850;subject_0002;Tobii
28;1375;subject_0002;Tobii
29;1000;subject_0002;Tobii
30;1500;subject_0002;Tobii
1;3175;subject_0003;Tobii
2;2300;subject_0003;Tobii
3;1700;subject_0003;Tobii
4;1775;subject_0003;Tobii
5;1200;subject_0003;Tobii
6;1450;subject_0003;Tobii
7;2125;subject_0003;Tobii
8;1425;subject_0003;Tobii
9;1575;subject_0003;Tobii
10;4000;subject_0003;Tobii
11;925;subject_0003;Tobii
12;1300;subject_0003;Tobii
13;1550;subject_0003;Tobii
14;1325;subject_0003;Tobii
15;1650;subject_0003;Tobii
16;1150;subject_0003;Tobii
17;925;subject_0003;Tobii
18;1025;subject_0003;Tobii
19;875;subject_0003;Tobii
20;1775;subject_0003;Tobii
21;1725;subject_0003;Tobii
22;1100;subject_0003;Tobii
23;1450;subject_0003;Tobii
24;2425;subject_0003;Tobii
25;1675;subject_0003;Tobii
26;1875;subject_0003;Tobii
27;1275;subject_0003;Tobii
28;1325;subject_0003;Tobii
29;2425;subject_0003;Tobii
30;2250;subject_0003;Tobii
1;3025;subject_0004;Tobii
2;1725;subject_0004;Tobii
3;1275;subject_0004;Tobii
4;975;subject_0004;Tobii
5;2300;subject_0004;Tobii
6;1150;subject_0004;Tobii
7;1700;subject_0004;Tobii
8;2100;subject_0004;Tobii
9;2375;subject_0004;Tobii
10;2225;subject_0004;Tobii
11;2175;subject_0004;Tobii
12;1375;subject_0004;Tobii
13;1200;subject_0004;Tobii
14;925;subject_0004;Tobii
15;875;subject_0004;Tobii
16;1475;subject_0004;Tobii
17;3150;subject_0004;Tobii
18;950;subject_0004;Tobii
19;1050;subject_0004;Tobii
20;1000;subject_0004;Tobii
21;1125;subject_0004;Tobii
22;650;subject_0004;Tobii
23;975;subject_0004;Tobii
24;1025;subject_0004;Tobii
25;900;subject_0004;Tobii
26;1925;subject_0004;Tobii
27;925;subject_0004;Tobii
28;1225;subject_0004;Tobii
29;900;subject_0004;Tobii
30;1475;subject_0004;Tobii
1;2050;subject_0005;Tobii
2;2450;subject_0005;Tobii
3;1675;subject_0005;Tobii
4;2050;subject_0005;Tobii
5;1600;subject_0005;Tobii
6;1775;subject_0005;Tobii
7;1775;subject_0005;Tobii
8;1775;subject_0005;Tobii
9;1875;subject_0005;Tobii
10;2050;subject_0005;Tobii
11;2525;subject_0005;Tobii
12;1700;subject_0005;Tobii
13;2300;subject_0005;Tobii
14;2275;subject_0005;Tobii
15;1675;subject_0005;Tobii
16;1800;subject_0005;Tobii
17;1525;subject_0005;Tobii
18;2100;subject_0005;Tobii
19;1550;subject_0005;Tobii
20;1825;subject_0005;Tobii
21;1775;subject_0005;Tobii
22;1650;subject_0005;Tobii
23;1300;subject_0005;Tobii
24;2000;subject_0005;Tobii
25;2725;subject_0005;Tobii
26;1675;subject_0005;Tobii
27;1875;subject_0005;Tobii
28;1250;subject_0005;Tobii
29;1850;subject_0005;Tobii
30;1375;subject_0005;Tobii
1;1800;subject_0006;Tobii
2;2200;subject_0006;Tobii
3;3975;subject_0006;Tobii
4;1175;subject_0006;Tobii
5;1500;subject_0006;Tobii
6;1625;subject_0006;Tobii
7;2025;subject_0006;Tobii
8;1600;subject_0006;Tobii
9;2275;subject_0006;Tobii
10;1000;subject_0006;Tobii
11;1250;subject_0006;Tobii
12;3275;subject_0006;Tobii
13;975;subject_0006;Tobii
14;2100;subject_0006;Tobii
15;1800;subject_0006;Tobii
16;3200;subject_0006;Tobii
17;1000;subject_0006;Tobii
18;1875;subject_0006;Tobii
19;3000;subject_0006;Tobii
20;1550;subject_0006;Tobii
21;3275;subject_0006;Tobii
22;1475;subject_0006;Tobii
23;1400;subject_0006;Tobii
24;1375;subject_0006;Tobii
25;1300;subject_0006;Tobii
26;1300;subject_0006;Tobii
27;900;subject_0006;Tobii
28;825;subject_0006;Tobii
29;1575;subject_0006;Tobii
30;1050;subject_0006;Tobii
1;2100;subject_0001;PupilEXT
2;1550;subject_0001;PupilEXT
3;1275;subject_0001;PupilEXT
4;1400;subject_0001;PupilEXT
5;1275;subject_0001;PupilEXT
6;1300;subject_0001;PupilEXT
7;1225;subject_0001;PupilEXT
8;1300;subject_0001;PupilEXT
9;1225;subject_0001;PupilEXT
10;1200;subject_0001;PupilEXT
11;1300;subject_0001;PupilEXT
12;1125;subject_0001;PupilEXT
13;2900;subject_0001;PupilEXT
14;1200;subject_0001;PupilEXT
15;1425;subject_0001;PupilEXT
16;1150;subject_0001;PupilEXT
17;1175;subject_0001;PupilEXT
18;1175;subject_0001;PupilEXT
19;1150;subject_0001;PupilEXT
20;1150;subject_0001;PupilEXT
21;1075;subject_0001;PupilEXT
22;1250;subject_0001;PupilEXT
23;1100;subject_0001;PupilEXT
24;1275;subject_0001;PupilEXT
25;1100;subject_0001;PupilEXT
26;1175;subject_0001;PupilEXT
27;1200;subject_0001;PupilEXT
28;1100;subject_0001;PupilEXT
29;1200;subject_0001;PupilEXT
30;1150;subject_0001;PupilEXT
1;2325;subject_0002;PupilEXT
2;1300;subject_0002;PupilEXT
3;1700;subject_0002;PupilEXT
4;1650;subject_0002;PupilEXT
5;1500;subject_0002;PupilEXT
6;1225;subject_0002;PupilEXT
7;1825;subject_0002;PupilEXT
8;1250;subject_0002;PupilEXT
9;1000;subject_0002;PupilEXT
10;2075;subject_0002;PupilEXT
11;2100;subject_0002;PupilEXT
12;1725;subject_0002;PupilEXT
13;1050;subject_0002;PupilEXT
14;1575;subject_0002;PupilEXT
15;2450;subject_0002;PupilEXT
16;1075;subject_0002;PupilEXT
17;1200;subject_0002;PupilEXT
18;1325;subject_0002;PupilEXT
19;1700;subject_0002;PupilEXT
20;1075;subject_0002;PupilEXT
21;1650;subject_0002;PupilEXT
22;1675;subject_0002;PupilEXT
23;1375;subject_0002;PupilEXT
24;1025;subject_0002;PupilEXT
25;1350;subject_0002;PupilEXT
26;1625;subject_0002;PupilEXT
27;2225;subject_0002;PupilEXT
28;1275;subject_0002;PupilEXT
29;1200;subject_0002;PupilEXT
30;1325;subject_0002;PupilEXT
1;3250;subject_0003;PupilEXT
2;2450;subject_0003;PupilEXT
3;1825;subject_0003;PupilEXT
4;1600;subject_0003;PupilEXT
5;1225;subject_0003;PupilEXT
6;1500;subject_0003;PupilEXT
7;1650;subject_0003;PupilEXT
8;1200;subject_0003;PupilEXT
9;1525;subject_0003;PupilEXT
10;3850;subject_0003;PupilEXT
11;1200;subject_0003;PupilEXT
12;1300;subject_0003;PupilEXT
13;1475;subject_0003;PupilEXT
14;1425;subject_0003;PupilEXT
15;1625;subject_0003;PupilEXT
16;1075;subject_0003;PupilEXT
17;950;subject_0003;PupilEXT
18;1175;subject_0003;PupilEXT
19;875;subject_0003;PupilEXT
20;1800;subject_0003;PupilEXT
21;1525;subject_0003;PupilEXT
22;1175;subject_0003;PupilEXT
23;1400;subject_0003;PupilEXT
24;2525;subject_0003;PupilEXT
25;1500;subject_0003;PupilEXT
26;1550;subject_0003;PupilEXT
27;1325;subject_0003;PupilEXT
28;2225;subject_0003;PupilEXT
29;2375;subject_0003;PupilEXT
30;2450;subject_0003;PupilEXT
1;2875;subject_0004;PupilEXT
2;1875;subject_0004;PupilEXT
3;1175;subject_0004;PupilEXT
4;1050;subject_0004;PupilEXT
5;2325;subject_0004;PupilEXT
6;1700;subject_0004;PupilEXT
7;1525;subject_0004;PupilEXT
8;2125;subject_0004;PupilEXT
9;2475;subject_0004;PupilEXT
10;2350;subject_0004;PupilEXT
11;2975;subject_0004;PupilEXT
12;1175;subject_0004;PupilEXT
13;1200;subject_0004;PupilEXT
14;925;subject_0004;PupilEXT
15;1000;subject_0004;PupilEXT
16;1500;subject_0004;PupilEXT
17;3200;subject_0004;PupilEXT
18;1025;subject_0004;PupilEXT
19;1100;subject_0004;PupilEXT
20;975;subject_0004;PupilEXT
21;1025;subject_0004;PupilEXT
22;1550;subject_0004;PupilEXT
23;1025;subject_0004;PupilEXT
24;1100;subject_0004;PupilEXT
25;875;subject_0004;PupilEXT
26;3875;subject_0004;PupilEXT
27;900;subject_0004;PupilEXT
28;2125;subject_0004;PupilEXT
29;925;subject_0004;PupilEXT
30;1550;subject_0004;PupilEXT
1;1925;subject_0005;PupilEXT
2;2300;subject_0005;PupilEXT
3;1625;subject_0005;PupilEXT
4;2175;subject_0005;PupilEXT
5;1575;subject_0005;PupilEXT
6;1700;subject_0005;PupilEXT
7;1575;subject_0005;PupilEXT
8;1950;subject_0005;PupilEXT
9;1425;subject_0005;PupilEXT
10;1975;subject_0005;PupilEXT
11;1350;subject_0005;PupilEXT
12;1675;subject_0005;PupilEXT
13;2350;subject_0005;PupilEXT
14;2400;subject_0005;PupilEXT
15;1650;subject_0005;PupilEXT
16;1575;subject_0005;PupilEXT
17;1325;subject_0005;PupilEXT
18;2100;subject_0005;PupilEXT
19;1400;subject_0005;PupilEXT
20;1900;subject_0005;PupilEXT
21;1725;subject_0005;PupilEXT
22;1425;subject_0005;PupilEXT
23;1500;subject_0005;PupilEXT
24;1175;subject_0005;PupilEXT
25;2375;subject_0005;PupilEXT
26;1725;subject_0005;PupilEXT
27;1750;subject_0005;PupilEXT
28;1100;subject_0005;PupilEXT
29;1825;subject_0005;PupilEXT
30;2050;subject_0005;PupilEXT
1;1950;subject_0006;PupilEXT
2;2150;subject_0006;PupilEXT
3;3950;subject_0006;PupilEXT
4;1175;subject_0006;PupilEXT
5;2300;subject_0006;PupilEXT
6;2200;subject_0006;PupilEXT
7;1525;subject_0006;PupilEXT
8;1450;subject_0006;PupilEXT
9;2375;subject_0006;PupilEXT
10;1500;subject_0006;PupilEXT
11;1400;subject_0006;PupilEXT
12;3325;subject_0006;PupilEXT
13;2250;subject_0006;PupilEXT
14;2275;subject_0006;PupilEXT
15;1850;subject_0006;PupilEXT
16;3025;subject_0006;PupilEXT
17;1475;subject_0006;PupilEXT
18;1750;subject_0006;PupilEXT
19;1750;subject_0006;PupilEXT
20;1350;subject_0006;PupilEXT
21;3250;subject_0006;PupilEXT
22;1500;subject_0006;PupilEXT
23;1700;subject_0006;PupilEXT
24;1375;subject_0006;PupilEXT
25;1375;subject_0006;PupilEXT
26;1100;subject_0006;PupilEXT
27;900;subject_0006;PupilEXT
28;1025;subject_0006;PupilEXT
29;1625;subject_0006;PupilEXT
30;1000;subject_0006;PupilEXT
